index,title,url
1,Add Two Numbers,https://leetcode.com/problems/add-two-numbers
2,Longest Substring Without Repeating Characters,https://leetcode.com/problems/longest-substring-without-repeating-characters
3,Longest Palindromic Substring,https://leetcode.com/problems/longest-palindromic-substring
4,ZigZag Conversion,https://leetcode.com/problems/zigzag-conversion
5,String to Integer (atoi),https://leetcode.com/problems/string-to-integer-atoi
6,Container With Most Water,https://leetcode.com/problems/container-with-most-water
7,Integer to Roman,https://leetcode.com/problems/integer-to-roman
8,3Sum,https://leetcode.com/problems/3sum
9,3Sum Closest,https://leetcode.com/problems/3sum-closest
10,Letter Combinations of a Phone Number,https://leetcode.com/problems/letter-combinations-of-a-phone-number
11,4Sum,https://leetcode.com/problems/4sum
12,Remove Nth Node From End of List,https://leetcode.com/problems/remove-nth-node-from-end-of-list
13,Generate Parentheses,https://leetcode.com/problems/generate-parentheses
14,Swap Nodes in Pairs,https://leetcode.com/problems/swap-nodes-in-pairs
15,Divide Two Integers,https://leetcode.com/problems/divide-two-integers
16,Next Permutation,https://leetcode.com/problems/next-permutation
17,Search in Rotated Sorted Array,https://leetcode.com/problems/search-in-rotated-sorted-array
18,Find First and Last Position of Element in Sorted Array,https://leetcode.com/problems/find-first-and-last-position-of-element-in-sorted-array
19,Valid Sudoku,https://leetcode.com/problems/valid-sudoku
20,Count and Say,https://leetcode.com/problems/count-and-say
21,Combination Sum,https://leetcode.com/problems/combination-sum
22,Combination Sum II,https://leetcode.com/problems/combination-sum-ii
23,Multiply Strings,https://leetcode.com/problems/multiply-strings
24,Jump Game II,https://leetcode.com/problems/jump-game-ii
25,Permutations,https://leetcode.com/problems/permutations
26,Permutations II,https://leetcode.com/problems/permutations-ii
27,Rotate Image,https://leetcode.com/problems/rotate-image
28,Group Anagrams,https://leetcode.com/problems/group-anagrams
29,"Pow(x, n)",https://leetcode.com/problems/powx-n
30,Spiral Matrix,https://leetcode.com/problems/spiral-matrix
31,Jump Game,https://leetcode.com/problems/jump-game
32,Merge Intervals,https://leetcode.com/problems/merge-intervals
33,Insert Interval,https://leetcode.com/problems/insert-interval
34,Spiral Matrix II,https://leetcode.com/problems/spiral-matrix-ii
35,Rotate List,https://leetcode.com/problems/rotate-list
36,Unique Paths,https://leetcode.com/problems/unique-paths
37,Unique Paths II,https://leetcode.com/problems/unique-paths-ii
38,Minimum Path Sum,https://leetcode.com/problems/minimum-path-sum
39,Simplify Path,https://leetcode.com/problems/simplify-path
40,Set Matrix Zeroes,https://leetcode.com/problems/set-matrix-zeroes
41,Search a 2D Matrix,https://leetcode.com/problems/search-a-2d-matrix
42,Sort Colors,https://leetcode.com/problems/sort-colors
43,Combinations,https://leetcode.com/problems/combinations
44,Subsets,https://leetcode.com/problems/subsets
45,Word Search,https://leetcode.com/problems/word-search
46,Remove Duplicates from Sorted Array II,https://leetcode.com/problems/remove-duplicates-from-sorted-array-ii
47,Search in Rotated Sorted Array II,https://leetcode.com/problems/search-in-rotated-sorted-array-ii
48,Remove Duplicates from Sorted List II,https://leetcode.com/problems/remove-duplicates-from-sorted-list-ii
49,Partition List,https://leetcode.com/problems/partition-list
50,Gray Code,https://leetcode.com/problems/gray-code
51,Subsets II,https://leetcode.com/problems/subsets-ii
52,Decode Ways,https://leetcode.com/problems/decode-ways
53,Reverse Linked List II,https://leetcode.com/problems/reverse-linked-list-ii
54,Restore IP Addresses,https://leetcode.com/problems/restore-ip-addresses
55,Binary Tree Inorder Traversal,https://leetcode.com/problems/binary-tree-inorder-traversal
56,Unique Binary Search Trees II,https://leetcode.com/problems/unique-binary-search-trees-ii
57,Unique Binary Search Trees,https://leetcode.com/problems/unique-binary-search-trees
58,Interleaving String,https://leetcode.com/problems/interleaving-string
59,Validate Binary Search Tree,https://leetcode.com/problems/validate-binary-search-tree
60,Binary Tree Level Order Traversal,https://leetcode.com/problems/binary-tree-level-order-traversal
61,Binary Tree Zigzag Level Order Traversal,https://leetcode.com/problems/binary-tree-zigzag-level-order-traversal
62,Construct Binary Tree from Preorder and Inorder Traversal,https://leetcode.com/problems/construct-binary-tree-from-preorder-and-inorder-traversal
63,Construct Binary Tree from Inorder and Postorder Traversal,https://leetcode.com/problems/construct-binary-tree-from-inorder-and-postorder-traversal
64,Binary Tree Level Order Traversal II,https://leetcode.com/problems/binary-tree-level-order-traversal-ii
65,Convert Sorted List to Binary Search Tree,https://leetcode.com/problems/convert-sorted-list-to-binary-search-tree
66,Path Sum II,https://leetcode.com/problems/path-sum-ii
67,Flatten Binary Tree to Linked List,https://leetcode.com/problems/flatten-binary-tree-to-linked-list
68,Populating Next Right Pointers in Each Node,https://leetcode.com/problems/populating-next-right-pointers-in-each-node
69,Populating Next Right Pointers in Each Node II,https://leetcode.com/problems/populating-next-right-pointers-in-each-node-ii
70,Triangle,https://leetcode.com/problems/triangle
71,Sum Root to Leaf Numbers,https://leetcode.com/problems/sum-root-to-leaf-numbers
72,Surrounded Regions,https://leetcode.com/problems/surrounded-regions
73,Palindrome Partitioning,https://leetcode.com/problems/palindrome-partitioning
74,Clone Graph,https://leetcode.com/problems/clone-graph
75,Gas Station,https://leetcode.com/problems/gas-station
76,Single Number II,https://leetcode.com/problems/single-number-ii
77,Copy List with Random Pointer,https://leetcode.com/problems/copy-list-with-random-pointer
78,Word Break,https://leetcode.com/problems/word-break
79,Linked List Cycle II,https://leetcode.com/problems/linked-list-cycle-ii
80,Reorder List,https://leetcode.com/problems/reorder-list
81,Binary Tree Preorder Traversal,https://leetcode.com/problems/binary-tree-preorder-traversal
82,Binary Tree Postorder Traversal,https://leetcode.com/problems/binary-tree-postorder-traversal
83,LRU Cache,https://leetcode.com/problems/lru-cache
84,Insertion Sort List,https://leetcode.com/problems/insertion-sort-list
85,Sort List,https://leetcode.com/problems/sort-list
86,Evaluate Reverse Polish Notation,https://leetcode.com/problems/evaluate-reverse-polish-notation
87,Reverse Words in a String,https://leetcode.com/problems/reverse-words-in-a-string
88,Maximum Product Subarray,https://leetcode.com/problems/maximum-product-subarray
89,Find Minimum in Rotated Sorted Array,https://leetcode.com/problems/find-minimum-in-rotated-sorted-array
90,Binary Tree Upside Down,https://leetcode.com/problems/binary-tree-upside-down
91,Longest Substring with At Most Two Distinct Characters,https://leetcode.com/problems/longest-substring-with-at-most-two-distinct-characters
92,One Edit Distance,https://leetcode.com/problems/one-edit-distance
93,Find Peak Element,https://leetcode.com/problems/find-peak-element
94,Compare Version Numbers,https://leetcode.com/problems/compare-version-numbers
95,Fraction to Recurring Decimal,https://leetcode.com/problems/fraction-to-recurring-decimal
96,Binary Search Tree Iterator,https://leetcode.com/problems/binary-search-tree-iterator
97,Nth Highest Salary,https://leetcode.com/problems/nth-highest-salary
98,Rank Scores,https://leetcode.com/problems/rank-scores
99,Largest Number,https://leetcode.com/problems/largest-number
100,Consecutive Numbers,https://leetcode.com/problems/consecutive-numbers
101,Department Highest Salary,https://leetcode.com/problems/department-highest-salary
102,Reverse Words in a String II,https://leetcode.com/problems/reverse-words-in-a-string-ii
103,Repeated DNA Sequences,https://leetcode.com/problems/repeated-dna-sequences
104,Rotate Array,https://leetcode.com/problems/rotate-array
105,Word Frequency,https://leetcode.com/problems/word-frequency
106,Transpose File,https://leetcode.com/problems/transpose-file
107,House Robber,https://leetcode.com/problems/house-robber
108,Binary Tree Right Side View,https://leetcode.com/problems/binary-tree-right-side-view
109,Number of Islands,https://leetcode.com/problems/number-of-islands
110,Bitwise AND of Numbers Range,https://leetcode.com/problems/bitwise-and-of-numbers-range
111,Course Schedule,https://leetcode.com/problems/course-schedule
112,Implement Trie (Prefix Tree),https://leetcode.com/problems/implement-trie-prefix-tree
113,Minimum Size Subarray Sum,https://leetcode.com/problems/minimum-size-subarray-sum
114,Course Schedule II,https://leetcode.com/problems/course-schedule-ii
115,Design Add and Search Words Data Structure,https://leetcode.com/problems/design-add-and-search-words-data-structure
116,House Robber II,https://leetcode.com/problems/house-robber-ii
117,Kth Largest Element in an Array,https://leetcode.com/problems/kth-largest-element-in-an-array
118,Combination Sum III,https://leetcode.com/problems/combination-sum-iii
119,Contains Duplicate III,https://leetcode.com/problems/contains-duplicate-iii
120,Maximal Square,https://leetcode.com/problems/maximal-square
121,Count Complete Tree Nodes,https://leetcode.com/problems/count-complete-tree-nodes
122,Rectangle Area,https://leetcode.com/problems/rectangle-area
123,Basic Calculator II,https://leetcode.com/problems/basic-calculator-ii
124,Majority Element II,https://leetcode.com/problems/majority-element-ii
125,Kth Smallest Element in a BST,https://leetcode.com/problems/kth-smallest-element-in-a-bst
126,Lowest Common Ancestor of a Binary Tree,https://leetcode.com/problems/lowest-common-ancestor-of-a-binary-tree
127,Product of Array Except Self,https://leetcode.com/problems/product-of-array-except-self
128,Search a 2D Matrix II,https://leetcode.com/problems/search-a-2d-matrix-ii
129,Different Ways to Add Parentheses,https://leetcode.com/problems/different-ways-to-add-parentheses
130,Shortest Word Distance II,https://leetcode.com/problems/shortest-word-distance-ii
131,Shortest Word Distance III,https://leetcode.com/problems/shortest-word-distance-iii
132,Strobogrammatic Number II,https://leetcode.com/problems/strobogrammatic-number-ii
133,Group Shifted Strings,https://leetcode.com/problems/group-shifted-strings
134,Count Univalue Subtrees,https://leetcode.com/problems/count-univalue-subtrees
135,Flatten 2D Vector,https://leetcode.com/problems/flatten-2d-vector
136,Meeting Rooms II,https://leetcode.com/problems/meeting-rooms-ii
137,Factor Combinations,https://leetcode.com/problems/factor-combinations
138,Verify Preorder Sequence in Binary Search Tree,https://leetcode.com/problems/verify-preorder-sequence-in-binary-search-tree
139,Paint House,https://leetcode.com/problems/paint-house
140,3Sum Smaller,https://leetcode.com/problems/3sum-smaller
141,Single Number III,https://leetcode.com/problems/single-number-iii
142,Graph Valid Tree,https://leetcode.com/problems/graph-valid-tree
143,Ugly Number II,https://leetcode.com/problems/ugly-number-ii
144,Palindrome Permutation II,https://leetcode.com/problems/palindrome-permutation-ii
145,Encode and Decode Strings,https://leetcode.com/problems/encode-and-decode-strings
146,H-Index,https://leetcode.com/problems/h-index
147,H-Index II,https://leetcode.com/problems/h-index-ii
148,Paint Fence,https://leetcode.com/problems/paint-fence
149,Find the Celebrity,https://leetcode.com/problems/find-the-celebrity
150,Perfect Squares,https://leetcode.com/problems/perfect-squares
151,Wiggle Sort,https://leetcode.com/problems/wiggle-sort
152,Zigzag Iterator,https://leetcode.com/problems/zigzag-iterator
153,Peeking Iterator,https://leetcode.com/problems/peeking-iterator
154,Inorder Successor in BST,https://leetcode.com/problems/inorder-successor-in-bst
155,Walls and Gates,https://leetcode.com/problems/walls-and-gates
156,Find the Duplicate Number,https://leetcode.com/problems/find-the-duplicate-number
157,Unique Word Abbreviation,https://leetcode.com/problems/unique-word-abbreviation
158,Game of Life,https://leetcode.com/problems/game-of-life
159,Word Pattern II,https://leetcode.com/problems/word-pattern-ii
160,Flip Game II,https://leetcode.com/problems/flip-game-ii
161,Binary Tree Longest Consecutive Sequence,https://leetcode.com/problems/binary-tree-longest-consecutive-sequence
162,Bulls and Cows,https://leetcode.com/problems/bulls-and-cows
163,Longest Increasing Subsequence,https://leetcode.com/problems/longest-increasing-subsequence
164,Range Sum Query 2D - Immutable,https://leetcode.com/problems/range-sum-query-2d-immutable
165,Additive Number,https://leetcode.com/problems/additive-number
166,Range Sum Query - Mutable,https://leetcode.com/problems/range-sum-query-mutable
167,Best Time to Buy and Sell Stock with Cooldown,https://leetcode.com/problems/best-time-to-buy-and-sell-stock-with-cooldown
168,Minimum Height Trees,https://leetcode.com/problems/minimum-height-trees
169,Sparse Matrix Multiplication,https://leetcode.com/problems/sparse-matrix-multiplication
170,Super Ugly Number,https://leetcode.com/problems/super-ugly-number
171,Binary Tree Vertical Order Traversal,https://leetcode.com/problems/binary-tree-vertical-order-traversal
172,Remove Duplicate Letters,https://leetcode.com/problems/remove-duplicate-letters
173,Maximum Product of Word Lengths,https://leetcode.com/problems/maximum-product-of-word-lengths
174,Bulb Switcher,https://leetcode.com/problems/bulb-switcher
175,Generalized Abbreviation,https://leetcode.com/problems/generalized-abbreviation
176,Coin Change,https://leetcode.com/problems/coin-change
177,Number of Connected Components in an Undirected Graph,https://leetcode.com/problems/number-of-connected-components-in-an-undirected-graph
178,Wiggle Sort II,https://leetcode.com/problems/wiggle-sort-ii
179,Maximum Size Subarray Sum Equals k,https://leetcode.com/problems/maximum-size-subarray-sum-equals-k
180,Odd Even Linked List,https://leetcode.com/problems/odd-even-linked-list
181,Verify Preorder Serialization of a Binary Tree,https://leetcode.com/problems/verify-preorder-serialization-of-a-binary-tree
182,Reconstruct Itinerary,https://leetcode.com/problems/reconstruct-itinerary
183,Largest BST Subtree,https://leetcode.com/problems/largest-bst-subtree
184,Increasing Triplet Subsequence,https://leetcode.com/problems/increasing-triplet-subsequence
185,House Robber III,https://leetcode.com/problems/house-robber-iii
186,Counting Bits,https://leetcode.com/problems/counting-bits
187,Nested List Weight Sum,https://leetcode.com/problems/nested-list-weight-sum
188,Longest Substring with At Most K Distinct Characters,https://leetcode.com/problems/longest-substring-with-at-most-k-distinct-characters
189,Flatten Nested List Iterator,https://leetcode.com/problems/flatten-nested-list-iterator
190,Integer Break,https://leetcode.com/problems/integer-break
191,Top K Frequent Elements,https://leetcode.com/problems/top-k-frequent-elements
192,Design Tic-Tac-Toe,https://leetcode.com/problems/design-tic-tac-toe
193,Android Unlock Patterns,https://leetcode.com/problems/android-unlock-patterns
194,Design Snake Game,https://leetcode.com/problems/design-snake-game
195,Design Twitter,https://leetcode.com/problems/design-twitter
196,Line Reflection,https://leetcode.com/problems/line-reflection
197,Count Numbers with Unique Digits,https://leetcode.com/problems/count-numbers-with-unique-digits
198,Sort Transformed Array,https://leetcode.com/problems/sort-transformed-array
199,Bomb Enemy,https://leetcode.com/problems/bomb-enemy
200,Design Hit Counter,https://leetcode.com/problems/design-hit-counter
201,Nested List Weight Sum II,https://leetcode.com/problems/nested-list-weight-sum-ii
202,Water and Jug Problem,https://leetcode.com/problems/water-and-jug-problem
203,Find Leaves of Binary Tree,https://leetcode.com/problems/find-leaves-of-binary-tree
204,Largest Divisible Subset,https://leetcode.com/problems/largest-divisible-subset
205,Plus One Linked List,https://leetcode.com/problems/plus-one-linked-list
206,Range Addition,https://leetcode.com/problems/range-addition
207,Sum of Two Integers,https://leetcode.com/problems/sum-of-two-integers
208,Super Pow,https://leetcode.com/problems/super-pow
209,Find K Pairs with Smallest Sums,https://leetcode.com/problems/find-k-pairs-with-smallest-sums
210,Guess Number Higher or Lower II,https://leetcode.com/problems/guess-number-higher-or-lower-ii
211,Wiggle Subsequence,https://leetcode.com/problems/wiggle-subsequence
212,Combination Sum IV,https://leetcode.com/problems/combination-sum-iv
213,Kth Smallest Element in a Sorted Matrix,https://leetcode.com/problems/kth-smallest-element-in-a-sorted-matrix
214,Design Phone Directory,https://leetcode.com/problems/design-phone-directory
215,Insert Delete GetRandom O(1),https://leetcode.com/problems/insert-delete-getrandom-o1
216,Linked List Random Node,https://leetcode.com/problems/linked-list-random-node
217,Shuffle an Array,https://leetcode.com/problems/shuffle-an-array
218,Mini Parser,https://leetcode.com/problems/mini-parser
219,Lexicographical Numbers,https://leetcode.com/problems/lexicographical-numbers
220,Longest Absolute File Path,https://leetcode.com/problems/longest-absolute-file-path
221,Elimination Game,https://leetcode.com/problems/elimination-game
222,UTF-8 Validation,https://leetcode.com/problems/utf-8-validation
223,Decode String,https://leetcode.com/problems/decode-string
224,Longest Substring with At Least K Repeating Characters,https://leetcode.com/problems/longest-substring-with-at-least-k-repeating-characters
225,Rotate Function,https://leetcode.com/problems/rotate-function
226,Integer Replacement,https://leetcode.com/problems/integer-replacement
227,Random Pick Index,https://leetcode.com/problems/random-pick-index
228,Evaluate Division,https://leetcode.com/problems/evaluate-division
229,Nth Digit,https://leetcode.com/problems/nth-digit
230,Remove K Digits,https://leetcode.com/problems/remove-k-digits
231,Queue Reconstruction by Height,https://leetcode.com/problems/queue-reconstruction-by-height
232,Arithmetic Slices,https://leetcode.com/problems/arithmetic-slices
233,Partition Equal Subset Sum,https://leetcode.com/problems/partition-equal-subset-sum
234,Pacific Atlantic Water Flow,https://leetcode.com/problems/pacific-atlantic-water-flow
235,Sentence Screen Fitting,https://leetcode.com/problems/sentence-screen-fitting
236,Battleships in a Board,https://leetcode.com/problems/battleships-in-a-board
237,Maximum XOR of Two Numbers in an Array,https://leetcode.com/problems/maximum-xor-of-two-numbers-in-an-array
238,Reconstruct Original Digits from English,https://leetcode.com/problems/reconstruct-original-digits-from-english
239,Longest Repeating Character Replacement,https://leetcode.com/problems/longest-repeating-character-replacement
240,Convert Binary Search Tree to Sorted Doubly Linked List,https://leetcode.com/problems/convert-binary-search-tree-to-sorted-doubly-linked-list
241,Construct Quad Tree,https://leetcode.com/problems/construct-quad-tree
242,N-ary Tree Level Order Traversal,https://leetcode.com/problems/n-ary-tree-level-order-traversal
243,Flatten a Multilevel Doubly Linked List,https://leetcode.com/problems/flatten-a-multilevel-doubly-linked-list
244,Minimum Genetic Mutation,https://leetcode.com/problems/minimum-genetic-mutation
245,Non-overlapping Intervals,https://leetcode.com/problems/non-overlapping-intervals
246,Find Right Interval,https://leetcode.com/problems/find-right-interval
247,Path Sum III,https://leetcode.com/problems/path-sum-iii
248,Find All Anagrams in a String,https://leetcode.com/problems/find-all-anagrams-in-a-string
249,Ternary Expression Parser,https://leetcode.com/problems/ternary-expression-parser
250,Find All Duplicates in an Array,https://leetcode.com/problems/find-all-duplicates-in-an-array
251,String Compression,https://leetcode.com/problems/string-compression
252,Sequence Reconstruction,https://leetcode.com/problems/sequence-reconstruction
253,Add Two Numbers II,https://leetcode.com/problems/add-two-numbers-ii
254,Number of Boomerangs,https://leetcode.com/problems/number-of-boomerangs
255,Serialize and Deserialize BST,https://leetcode.com/problems/serialize-and-deserialize-bst
256,Delete Node in a BST,https://leetcode.com/problems/delete-node-in-a-bst
257,Sort Characters By Frequency,https://leetcode.com/problems/sort-characters-by-frequency
258,Minimum Number of Arrows to Burst Balloons,https://leetcode.com/problems/minimum-number-of-arrows-to-burst-balloons
259,4Sum II,https://leetcode.com/problems/4sum-ii
260,132 Pattern,https://leetcode.com/problems/132-pattern
261,Circular Array Loop,https://leetcode.com/problems/circular-array-loop
262,Minimum Moves to Equal Array Elements II,https://leetcode.com/problems/minimum-moves-to-equal-array-elements-ii
263,Can I Win,https://leetcode.com/problems/can-i-win
264,Unique Substrings in Wraparound String,https://leetcode.com/problems/unique-substrings-in-wraparound-string
265,Validate IP Address,https://leetcode.com/problems/validate-ip-address
266,Convex Polygon,https://leetcode.com/problems/convex-polygon
267,Implement Rand10() Using Rand7(),https://leetcode.com/problems/implement-rand10-using-rand7
268,Matchsticks to Square,https://leetcode.com/problems/matchsticks-to-square
269,Ones and Zeroes,https://leetcode.com/problems/ones-and-zeroes
270,Heaters,https://leetcode.com/problems/heaters
271,Total Hamming Distance,https://leetcode.com/problems/total-hamming-distance
272,Generate Random Point in a Circle,https://leetcode.com/problems/generate-random-point-in-a-circle
273,Magical String,https://leetcode.com/problems/magical-string
274,Find Permutation,https://leetcode.com/problems/find-permutation
275,Predict the Winner,https://leetcode.com/problems/predict-the-winner
276,Max Consecutive Ones II,https://leetcode.com/problems/max-consecutive-ones-ii
277,The Maze,https://leetcode.com/problems/the-maze
278,Increasing Subsequences,https://leetcode.com/problems/increasing-subsequences
279,Target Sum,https://leetcode.com/problems/target-sum
280,Teemo Attacking,https://leetcode.com/problems/teemo-attacking
281,Random Point in Non-overlapping Rectangles,https://leetcode.com/problems/random-point-in-non-overlapping-rectangles
282,Diagonal Traverse,https://leetcode.com/problems/diagonal-traverse
283,Next Greater Element II,https://leetcode.com/problems/next-greater-element-ii
284,The Maze II,https://leetcode.com/problems/the-maze-ii
285,Most Frequent Subtree Sum,https://leetcode.com/problems/most-frequent-subtree-sum
286,Inorder Successor in BST II,https://leetcode.com/problems/inorder-successor-in-bst-ii
287,Find Bottom Left Tree Value,https://leetcode.com/problems/find-bottom-left-tree-value
288,Find Largest Value in Each Tree Row,https://leetcode.com/problems/find-largest-value-in-each-tree-row
289,Longest Palindromic Subsequence,https://leetcode.com/problems/longest-palindromic-subsequence
290,Coin Change 2,https://leetcode.com/problems/coin-change-2
291,Random Flip Matrix,https://leetcode.com/problems/random-flip-matrix
292,Longest Uncommon Subsequence II,https://leetcode.com/problems/longest-uncommon-subsequence-ii
293,Continuous Subarray Sum,https://leetcode.com/problems/continuous-subarray-sum
294,Longest Word in Dictionary through Deleting,https://leetcode.com/problems/longest-word-in-dictionary-through-deleting
295,Contiguous Array,https://leetcode.com/problems/contiguous-array
296,Beautiful Arrangement,https://leetcode.com/problems/beautiful-arrangement
297,Random Pick with Weight,https://leetcode.com/problems/random-pick-with-weight
298,Minesweeper,https://leetcode.com/problems/minesweeper
299,Lonely Pixel I,https://leetcode.com/problems/lonely-pixel-i
300,K-diff Pairs in an Array,https://leetcode.com/problems/k-diff-pairs-in-an-array
301,Lonely Pixel II,https://leetcode.com/problems/lonely-pixel-ii
302,Game Play Analysis III,https://leetcode.com/problems/game-play-analysis-iii
303,Encode and Decode TinyURL,https://leetcode.com/problems/encode-and-decode-tinyurl
304,Construct Binary Tree from String,https://leetcode.com/problems/construct-binary-tree-from-string
305,Complex Number Multiplication,https://leetcode.com/problems/complex-number-multiplication
306,Convert BST to Greater Tree,https://leetcode.com/problems/convert-bst-to-greater-tree
307,Minimum Time Difference,https://leetcode.com/problems/minimum-time-difference
308,Single Element in a Sorted Array,https://leetcode.com/problems/single-element-in-a-sorted-array
309,01 Matrix,https://leetcode.com/problems/01-matrix
310,Output Contest Matches,https://leetcode.com/problems/output-contest-matches
311,Boundary of Binary Tree,https://leetcode.com/problems/boundary-of-binary-tree
312,Number of Provinces,https://leetcode.com/problems/number-of-provinces
313,Split Array with Equal Sum,https://leetcode.com/problems/split-array-with-equal-sum
314,Binary Tree Longest Consecutive Sequence II,https://leetcode.com/problems/binary-tree-longest-consecutive-sequence-ii
315,Game Play Analysis IV,https://leetcode.com/problems/game-play-analysis-iv
316,Optimal Division,https://leetcode.com/problems/optimal-division
317,Brick Wall,https://leetcode.com/problems/brick-wall
318,Split Concatenated Strings,https://leetcode.com/problems/split-concatenated-strings
319,Next Greater Element III,https://leetcode.com/problems/next-greater-element-iii
320,Logical OR of Two Binary Grids Represented as Quad-Trees,https://leetcode.com/problems/logical-or-of-two-binary-grids-represented-as-quad-trees
321,Subarray Sum Equals K,https://leetcode.com/problems/subarray-sum-equals-k
322,Longest Line of Consecutive One in Matrix,https://leetcode.com/problems/longest-line-of-consecutive-one-in-matrix
323,Array Nesting,https://leetcode.com/problems/array-nesting
324,Permutation in String,https://leetcode.com/problems/permutation-in-string
325,Managers with at Least 5 Direct Reports,https://leetcode.com/problems/managers-with-at-least-5-direct-reports
326,Squirrel Simulation,https://leetcode.com/problems/squirrel-simulation
327,Winning Candidate,https://leetcode.com/problems/winning-candidate
328,Out of Boundary Paths,https://leetcode.com/problems/out-of-boundary-paths
329,Get Highest Answer Rate Question,https://leetcode.com/problems/get-highest-answer-rate-question
330,Count Student Number in Departments,https://leetcode.com/problems/count-student-number-in-departments
331,Shortest Unsorted Continuous Subarray,https://leetcode.com/problems/shortest-unsorted-continuous-subarray
332,Kill Process,https://leetcode.com/problems/kill-process
333,Delete Operation for Two Strings,https://leetcode.com/problems/delete-operation-for-two-strings
334,Investments in 2016,https://leetcode.com/problems/investments-in-2016
335,Fraction Addition and Subtraction,https://leetcode.com/problems/fraction-addition-and-subtraction
336,Valid Square,https://leetcode.com/problems/valid-square
337,Friend Requests II: Who Has the Most Friends,https://leetcode.com/problems/friend-requests-ii-who-has-the-most-friends
338,Tree Node,https://leetcode.com/problems/tree-node
339,Find Duplicate File in System,https://leetcode.com/problems/find-duplicate-file-in-system
340,Valid Triangle Number,https://leetcode.com/problems/valid-triangle-number
341,Shortest Distance in a Plane,https://leetcode.com/problems/shortest-distance-in-a-plane
342,Second Degree Follower,https://leetcode.com/problems/second-degree-follower
343,Add Bold Tag in String,https://leetcode.com/problems/add-bold-tag-in-string
344,Task Scheduler,https://leetcode.com/problems/task-scheduler
345,Design Circular Queue,https://leetcode.com/problems/design-circular-queue
346,Add One Row to Tree,https://leetcode.com/problems/add-one-row-to-tree
347,Maximum Distance in Arrays,https://leetcode.com/problems/maximum-distance-in-arrays
348,Minimum Factorization,https://leetcode.com/problems/minimum-factorization
349,Exchange Seats,https://leetcode.com/problems/exchange-seats
350,Sum of Square Numbers,https://leetcode.com/problems/sum-of-square-numbers
351,Find the Derangement of An Array,https://leetcode.com/problems/find-the-derangement-of-an-array
352,Design Log Storage System,https://leetcode.com/problems/design-log-storage-system
353,Exclusive Time of Functions,https://leetcode.com/problems/exclusive-time-of-functions
354,Shopping Offers,https://leetcode.com/problems/shopping-offers
355,Solve the Equation,https://leetcode.com/problems/solve-the-equation
356,Design Circular Deque,https://leetcode.com/problems/design-circular-deque
357,Maximum Length of Pair Chain,https://leetcode.com/problems/maximum-length-of-pair-chain
358,Palindromic Substrings,https://leetcode.com/problems/palindromic-substrings
359,Replace Words,https://leetcode.com/problems/replace-words
360,Dota2 Senate,https://leetcode.com/problems/dota2-senate
361,2 Keys Keyboard,https://leetcode.com/problems/2-keys-keyboard
362,4 Keys Keyboard,https://leetcode.com/problems/4-keys-keyboard
363,Find Duplicate Subtrees,https://leetcode.com/problems/find-duplicate-subtrees
364,Maximum Binary Tree,https://leetcode.com/problems/maximum-binary-tree
365,Print Binary Tree,https://leetcode.com/problems/print-binary-tree
366,Find K Closest Elements,https://leetcode.com/problems/find-k-closest-elements
367,Split Array into Consecutive Subsequences,https://leetcode.com/problems/split-array-into-consecutive-subsequences
368,Maximum Width of Binary Tree,https://leetcode.com/problems/maximum-width-of-binary-tree
369,Equal Tree Partition,https://leetcode.com/problems/equal-tree-partition
370,Non-decreasing Array,https://leetcode.com/problems/non-decreasing-array
371,Path Sum IV,https://leetcode.com/problems/path-sum-iv
372,Beautiful Arrangement II,https://leetcode.com/problems/beautiful-arrangement-ii
373,Trim a Binary Search Tree,https://leetcode.com/problems/trim-a-binary-search-tree
374,Maximum Swap,https://leetcode.com/problems/maximum-swap
375,Bulb Switcher II,https://leetcode.com/problems/bulb-switcher-ii
376,Number of Longest Increasing Subsequence,https://leetcode.com/problems/number-of-longest-increasing-subsequence
377,Implement Magic Dictionary,https://leetcode.com/problems/implement-magic-dictionary
378,Map Sum Pairs,https://leetcode.com/problems/map-sum-pairs
379,Valid Parenthesis String,https://leetcode.com/problems/valid-parenthesis-string
380,Next Closest Time,https://leetcode.com/problems/next-closest-time
381,Redundant Connection,https://leetcode.com/problems/redundant-connection
382,Repeated String Match,https://leetcode.com/problems/repeated-string-match
383,Longest Univalue Path,https://leetcode.com/problems/longest-univalue-path
384,Knight Probability in Chessboard,https://leetcode.com/problems/knight-probability-in-chessboard
385,Top K Frequent Words,https://leetcode.com/problems/top-k-frequent-words
386,Number of Distinct Islands,https://leetcode.com/problems/number-of-distinct-islands
387,Max Area of Island,https://leetcode.com/problems/max-area-of-island
388,Partition to K Equal Sum Subsets,https://leetcode.com/problems/partition-to-k-equal-sum-subsets
389,Insert into a Binary Search Tree,https://leetcode.com/problems/insert-into-a-binary-search-tree
390,Search in a Sorted Array of Unknown Size,https://leetcode.com/problems/search-in-a-sorted-array-of-unknown-size
391,Design Linked List,https://leetcode.com/problems/design-linked-list
392,Insert into a Sorted Circular Linked List,https://leetcode.com/problems/insert-into-a-sorted-circular-linked-list
393,Minimum ASCII Delete Sum for Two Strings,https://leetcode.com/problems/minimum-ascii-delete-sum-for-two-strings
394,Subarray Product Less Than K,https://leetcode.com/problems/subarray-product-less-than-k
395,Best Time to Buy and Sell Stock with Transaction Fee,https://leetcode.com/problems/best-time-to-buy-and-sell-stock-with-transaction-fee
396,Maximum Length of Repeated Subarray,https://leetcode.com/problems/maximum-length-of-repeated-subarray
397,Accounts Merge,https://leetcode.com/problems/accounts-merge
398,Remove Comments,https://leetcode.com/problems/remove-comments
399,Candy Crush,https://leetcode.com/problems/candy-crush
400,Split Linked List in Parts,https://leetcode.com/problems/split-linked-list-in-parts
401,My Calendar I,https://leetcode.com/problems/my-calendar-i
402,My Calendar II,https://leetcode.com/problems/my-calendar-ii
403,Asteroid Collision,https://leetcode.com/problems/asteroid-collision
404,Sentence Similarity II,https://leetcode.com/problems/sentence-similarity-ii
405,Monotone Increasing Digits,https://leetcode.com/problems/monotone-increasing-digits
406,Daily Temperatures,https://leetcode.com/problems/daily-temperatures
407,Delete and Earn,https://leetcode.com/problems/delete-and-earn
408,Closest Leaf in a Binary Tree,https://leetcode.com/problems/closest-leaf-in-a-binary-tree
409,Network Delay Time,https://leetcode.com/problems/network-delay-time
410,Number Of Corner Rectangles,https://leetcode.com/problems/number-of-corner-rectangles
411,IP to CIDR,https://leetcode.com/problems/ip-to-cidr
412,Open the Lock,https://leetcode.com/problems/open-the-lock
413,Reach a Number,https://leetcode.com/problems/reach-a-number
414,Pour Water,https://leetcode.com/problems/pour-water
415,Pyramid Transition Matrix,https://leetcode.com/problems/pyramid-transition-matrix
416,Partition Labels,https://leetcode.com/problems/partition-labels
417,Largest Plus Sign,https://leetcode.com/problems/largest-plus-sign
418,Reorganize String,https://leetcode.com/problems/reorganize-string
419,Max Chunks To Make Sorted,https://leetcode.com/problems/max-chunks-to-make-sorted
420,Global and Local Inversions,https://leetcode.com/problems/global-and-local-inversions
421,Split BST,https://leetcode.com/problems/split-bst
422,Swap Adjacent in LR String,https://leetcode.com/problems/swap-adjacent-in-lr-string
423,K-th Symbol in Grammar,https://leetcode.com/problems/k-th-symbol-in-grammar
424,Rabbits in Forest,https://leetcode.com/problems/rabbits-in-forest
425,Letter Case Permutation,https://leetcode.com/problems/letter-case-permutation
426,Is Graph Bipartite?,https://leetcode.com/problems/is-graph-bipartite
427,Cheapest Flights Within K Stops,https://leetcode.com/problems/cheapest-flights-within-k-stops
428,Escape The Ghosts,https://leetcode.com/problems/escape-the-ghosts
429,Domino and Tromino Tiling,https://leetcode.com/problems/domino-and-tromino-tiling
430,Custom Sort String,https://leetcode.com/problems/custom-sort-string
431,Number of Matching Subsequences,https://leetcode.com/problems/number-of-matching-subsequences
432,Valid Tic-Tac-Toe State,https://leetcode.com/problems/valid-tic-tac-toe-state
433,Number of Subarrays with Bounded Maximum,https://leetcode.com/problems/number-of-subarrays-with-bounded-maximum
434,All Paths From Source to Target,https://leetcode.com/problems/all-paths-from-source-to-target
435,Champagne Tower,https://leetcode.com/problems/champagne-tower
436,Minimum Swaps To Make Sequences Increasing,https://leetcode.com/problems/minimum-swaps-to-make-sequences-increasing
437,Find Eventual Safe States,https://leetcode.com/problems/find-eventual-safe-states
438,Max Increase to Keep City Skyline,https://leetcode.com/problems/max-increase-to-keep-city-skyline
439,Soup Servings,https://leetcode.com/problems/soup-servings
440,Expressive Words,https://leetcode.com/problems/expressive-words
441,Largest Sum of Averages,https://leetcode.com/problems/largest-sum-of-averages
442,Binary Tree Pruning,https://leetcode.com/problems/binary-tree-pruning
443,Ambiguous Coordinates,https://leetcode.com/problems/ambiguous-coordinates
444,Linked List Components,https://leetcode.com/problems/linked-list-components
445,Short Encoding of Words,https://leetcode.com/problems/short-encoding-of-words
446,Card Flipping Game,https://leetcode.com/problems/card-flipping-game
447,Binary Trees With Factors,https://leetcode.com/problems/binary-trees-with-factors
448,Friends Of Appropriate Ages,https://leetcode.com/problems/friends-of-appropriate-ages
449,Most Profit Assigning Work,https://leetcode.com/problems/most-profit-assigning-work
450,Masking Personal Information,https://leetcode.com/problems/masking-personal-information
451,Find And Replace in String,https://leetcode.com/problems/find-and-replace-in-string
452,Image Overlap,https://leetcode.com/problems/image-overlap
453,New 21 Game,https://leetcode.com/problems/new-21-game
454,Push Dominoes,https://leetcode.com/problems/push-dominoes
455,Magic Squares In Grid,https://leetcode.com/problems/magic-squares-in-grid
456,Keys and Rooms,https://leetcode.com/problems/keys-and-rooms
457,Split Array into Fibonacci Sequence,https://leetcode.com/problems/split-array-into-fibonacci-sequence
458,Longest Mountain in Array,https://leetcode.com/problems/longest-mountain-in-array
459,Hand of Straights,https://leetcode.com/problems/hand-of-straights
460,Shifting Letters,https://leetcode.com/problems/shifting-letters
461,Maximize Distance to Closest Person,https://leetcode.com/problems/maximize-distance-to-closest-person
462,Loud and Rich,https://leetcode.com/problems/loud-and-rich
463,Car Fleet,https://leetcode.com/problems/car-fleet
464,Exam Room,https://leetcode.com/problems/exam-room
465,Score of Parentheses,https://leetcode.com/problems/score-of-parentheses
466,Mirror Reflection,https://leetcode.com/problems/mirror-reflection
467,Score After Flipping Matrix,https://leetcode.com/problems/score-after-flipping-matrix
468,All Nodes Distance K in Binary Tree,https://leetcode.com/problems/all-nodes-distance-k-in-binary-tree
469,Smallest Subtree with all the Deepest Nodes,https://leetcode.com/problems/smallest-subtree-with-all-the-deepest-nodes
470,Prime Palindrome,https://leetcode.com/problems/prime-palindrome
471,Reordered Power of 2,https://leetcode.com/problems/reordered-power-of-2
472,Advantage Shuffle,https://leetcode.com/problems/advantage-shuffle
473,Length of Longest Fibonacci Subsequence,https://leetcode.com/problems/length-of-longest-fibonacci-subsequence
474,Koko Eating Bananas,https://leetcode.com/problems/koko-eating-bananas
475,Stone Game,https://leetcode.com/problems/stone-game
476,Decoded String at Index,https://leetcode.com/problems/decoded-string-at-index
477,Boats to Save People,https://leetcode.com/problems/boats-to-save-people
478,Spiral Matrix III,https://leetcode.com/problems/spiral-matrix-iii
479,Possible Bipartition,https://leetcode.com/problems/possible-bipartition
480,Construct Binary Tree from Preorder and Postorder Traversal,https://leetcode.com/problems/construct-binary-tree-from-preorder-and-postorder-traversal
481,Find and Replace Pattern,https://leetcode.com/problems/find-and-replace-pattern
482,All Possible Full Binary Trees,https://leetcode.com/problems/all-possible-full-binary-trees
483,Bitwise ORs of Subarrays,https://leetcode.com/problems/bitwise-ors-of-subarrays
484,RLE Iterator,https://leetcode.com/problems/rle-iterator
485,Online Stock Span,https://leetcode.com/problems/online-stock-span
486,Fruit Into Baskets,https://leetcode.com/problems/fruit-into-baskets
487,Sum of Subarray Minimums,https://leetcode.com/problems/sum-of-subarray-minimums
488,Snakes and Ladders,https://leetcode.com/problems/snakes-and-ladders
489,Smallest Range II,https://leetcode.com/problems/smallest-range-ii
490,Online Election,https://leetcode.com/problems/online-election
491,Sort an Array,https://leetcode.com/problems/sort-an-array
492,Partition Array into Disjoint Intervals,https://leetcode.com/problems/partition-array-into-disjoint-intervals
493,Word Subsets,https://leetcode.com/problems/word-subsets
494,Maximum Sum Circular Subarray,https://leetcode.com/problems/maximum-sum-circular-subarray
495,Complete Binary Tree Inserter,https://leetcode.com/problems/complete-binary-tree-inserter
496,Minimum Add to Make Parentheses Valid,https://leetcode.com/problems/minimum-add-to-make-parentheses-valid
497,3Sum With Multiplicity,https://leetcode.com/problems/3sum-with-multiplicity
498,Flip String to Monotone Increasing,https://leetcode.com/problems/flip-string-to-monotone-increasing
499,Binary Subarrays With Sum,https://leetcode.com/problems/binary-subarrays-with-sum
500,Minimum Falling Path Sum,https://leetcode.com/problems/minimum-falling-path-sum
501,Beautiful Array,https://leetcode.com/problems/beautiful-array
502,Shortest Bridge,https://leetcode.com/problems/shortest-bridge
503,Knight Dialer,https://leetcode.com/problems/knight-dialer
504,Minimum Area Rectangle,https://leetcode.com/problems/minimum-area-rectangle
505,Minimum Increment to Make Array Unique,https://leetcode.com/problems/minimum-increment-to-make-array-unique
506,Validate Stack Sequences,https://leetcode.com/problems/validate-stack-sequences
507,Most Stones Removed with Same Row or Column,https://leetcode.com/problems/most-stones-removed-with-same-row-or-column
508,Bag of Tokens,https://leetcode.com/problems/bag-of-tokens
509,Largest Time for Given Digits,https://leetcode.com/problems/largest-time-for-given-digits
510,Reveal Cards In Increasing Order,https://leetcode.com/problems/reveal-cards-in-increasing-order
511,Flip Equivalent Binary Trees,https://leetcode.com/problems/flip-equivalent-binary-trees
512,Array of Doubled Pairs,https://leetcode.com/problems/array-of-doubled-pairs
513,Delete Columns to Make Sorted II,https://leetcode.com/problems/delete-columns-to-make-sorted-ii
514,Prison Cells After N Days,https://leetcode.com/problems/prison-cells-after-n-days
515,Check Completeness of a Binary Tree,https://leetcode.com/problems/check-completeness-of-a-binary-tree
516,Regions Cut By Slashes,https://leetcode.com/problems/regions-cut-by-slashes
517,Maximum Width Ramp,https://leetcode.com/problems/maximum-width-ramp
518,Minimum Area Rectangle II,https://leetcode.com/problems/minimum-area-rectangle-ii
519,Vowel Spellchecker,https://leetcode.com/problems/vowel-spellchecker
520,Numbers With Same Consecutive Differences,https://leetcode.com/problems/numbers-with-same-consecutive-differences
521,Pancake Sorting,https://leetcode.com/problems/pancake-sorting
522,Powerful Integers,https://leetcode.com/problems/powerful-integers
523,Flip Binary Tree To Match Preorder Traversal,https://leetcode.com/problems/flip-binary-tree-to-match-preorder-traversal
524,K Closest Points to Origin,https://leetcode.com/problems/k-closest-points-to-origin
525,Subarray Sums Divisible by K,https://leetcode.com/problems/subarray-sums-divisible-by-k
526,Longest Turbulent Subarray,https://leetcode.com/problems/longest-turbulent-subarray
527,Distribute Coins in Binary Tree,https://leetcode.com/problems/distribute-coins-in-binary-tree
528,Time Based Key-Value Store,https://leetcode.com/problems/time-based-key-value-store
529,Minimum Cost For Tickets,https://leetcode.com/problems/minimum-cost-for-tickets
530,String Without AAA or BBB,https://leetcode.com/problems/string-without-aaa-or-bbb
531,Interval List Intersections,https://leetcode.com/problems/interval-list-intersections
532,Smallest String Starting From Leaf,https://leetcode.com/problems/smallest-string-starting-from-leaf
533,Satisfiability of Equality Equations,https://leetcode.com/problems/satisfiability-of-equality-equations
534,Broken Calculator,https://leetcode.com/problems/broken-calculator
535,Rotting Oranges,https://leetcode.com/problems/rotting-oranges
536,Maximum Binary Tree II,https://leetcode.com/problems/maximum-binary-tree-ii
537,Check If Word Is Valid After Substitutions,https://leetcode.com/problems/check-if-word-is-valid-after-substitutions
538,Max Consecutive Ones III,https://leetcode.com/problems/max-consecutive-ones-iii
539,Clumsy Factorial,https://leetcode.com/problems/clumsy-factorial
540,Minimum Domino Rotations For Equal Row,https://leetcode.com/problems/minimum-domino-rotations-for-equal-row
541,Construct Binary Search Tree from Preorder Traversal,https://leetcode.com/problems/construct-binary-search-tree-from-preorder-traversal
542,Pairs of Songs With Total Durations Divisible by 60,https://leetcode.com/problems/pairs-of-songs-with-total-durations-divisible-by-60
543,Capacity To Ship Packages Within D Days,https://leetcode.com/problems/capacity-to-ship-packages-within-d-days
544,Best Sightseeing Pair,https://leetcode.com/problems/best-sightseeing-pair
545,Smallest Integer Divisible by K,https://leetcode.com/problems/smallest-integer-divisible-by-k
546,Binary String With Substrings Representing 1 To N,https://leetcode.com/problems/binary-string-with-substrings-representing-1-to-n
547,Convert to Base -2,https://leetcode.com/problems/convert-to-base-2
548,Next Greater Node In Linked List,https://leetcode.com/problems/next-greater-node-in-linked-list
549,Number of Enclaves,https://leetcode.com/problems/number-of-enclaves
550,Camelcase Matching,https://leetcode.com/problems/camelcase-matching
551,Video Stitching,https://leetcode.com/problems/video-stitching
552,Maximum Difference Between Node and Ancestor,https://leetcode.com/problems/maximum-difference-between-node-and-ancestor
553,Longest Arithmetic Subsequence,https://leetcode.com/problems/longest-arithmetic-subsequence
554,Two City Scheduling,https://leetcode.com/problems/two-city-scheduling
555,Maximum Sum of Two Non-Overlapping Subarrays,https://leetcode.com/problems/maximum-sum-of-two-non-overlapping-subarrays
556,Coloring A Border,https://leetcode.com/problems/coloring-a-border
557,Uncrossed Lines,https://leetcode.com/problems/uncrossed-lines
558,Binary Search Tree to Greater Sum Tree,https://leetcode.com/problems/binary-search-tree-to-greater-sum-tree
559,Minimum Score Triangulation of Polygon,https://leetcode.com/problems/minimum-score-triangulation-of-polygon
560,Moving Stones Until Consecutive II,https://leetcode.com/problems/moving-stones-until-consecutive-ii
561,Robot Bounded In Circle,https://leetcode.com/problems/robot-bounded-in-circle
562,Flower Planting With No Adjacent,https://leetcode.com/problems/flower-planting-with-no-adjacent
563,Partition Array for Maximum Sum,https://leetcode.com/problems/partition-array-for-maximum-sum
564,Customers Who Bought All Products,https://leetcode.com/problems/customers-who-bought-all-products
565,Longest String Chain,https://leetcode.com/problems/longest-string-chain
566,Last Stone Weight II,https://leetcode.com/problems/last-stone-weight-ii
567,Grumpy Bookstore Owner,https://leetcode.com/problems/grumpy-bookstore-owner
568,Previous Permutation With One Swap,https://leetcode.com/problems/previous-permutation-with-one-swap
569,Distant Barcodes,https://leetcode.com/problems/distant-barcodes
570,Shortest Way to Form String,https://leetcode.com/problems/shortest-way-to-form-string
571,Campus Bikes,https://leetcode.com/problems/campus-bikes
572,Minimize Rounding Error to Meet Target,https://leetcode.com/problems/minimize-rounding-error-to-meet-target
573,All Paths from Source Lead to Destination,https://leetcode.com/problems/all-paths-from-source-lead-to-destination
574,Missing Element in Sorted Array,https://leetcode.com/problems/missing-element-in-sorted-array
575,Lexicographically Smallest Equivalent String,https://leetcode.com/problems/lexicographically-smallest-equivalent-string
576,Longest Repeating Substring,https://leetcode.com/problems/longest-repeating-substring
577,Campus Bikes II,https://leetcode.com/problems/campus-bikes-ii
578,Product Sales Analysis III,https://leetcode.com/problems/product-sales-analysis-iii
579,Flip Columns For Maximum Number of Equal Rows,https://leetcode.com/problems/flip-columns-for-maximum-number-of-equal-rows
580,Adding Two Negabinary Numbers,https://leetcode.com/problems/adding-two-negabinary-numbers
581,Project Employees III,https://leetcode.com/problems/project-employees-iii
582,Letter Tile Possibilities,https://leetcode.com/problems/letter-tile-possibilities
583,Insufficient Nodes in Root to Leaf Paths,https://leetcode.com/problems/insufficient-nodes-in-root-to-leaf-paths
584,Smallest Subsequence of Distinct Characters,https://leetcode.com/problems/smallest-subsequence-of-distinct-characters
585,Brace Expansion,https://leetcode.com/problems/brace-expansion
586,Largest Values From Labels,https://leetcode.com/problems/largest-values-from-labels
587,Shortest Path in Binary Matrix,https://leetcode.com/problems/shortest-path-in-binary-matrix
588,Statistics from a Large Sample,https://leetcode.com/problems/statistics-from-a-large-sample
589,Car Pooling,https://leetcode.com/problems/car-pooling
590,Unpopular Books,https://leetcode.com/problems/unpopular-books
591,Find K-Length Substrings With No Repeated Characters,https://leetcode.com/problems/find-k-length-substrings-with-no-repeated-characters
592,The Earliest Moment When Everyone Become Friends,https://leetcode.com/problems/the-earliest-moment-when-everyone-become-friends
593,Path With Maximum Minimum Value,https://leetcode.com/problems/path-with-maximum-minimum-value
594,Path In Zigzag Labelled Binary Tree,https://leetcode.com/problems/path-in-zigzag-labelled-binary-tree
595,Filling Bookcase Shelves,https://leetcode.com/problems/filling-bookcase-shelves
596,New Users Daily Count,https://leetcode.com/problems/new-users-daily-count
597,Corporate Flight Bookings,https://leetcode.com/problems/corporate-flight-bookings
598,Delete Nodes And Return Forest,https://leetcode.com/problems/delete-nodes-and-return-forest
599,Maximum Nesting Depth of Two Valid Parentheses Strings,https://leetcode.com/problems/maximum-nesting-depth-of-two-valid-parentheses-strings
600,Highest Grade For Each Student,https://leetcode.com/problems/highest-grade-for-each-student
601,Print FooBar Alternately,https://leetcode.com/problems/print-foobar-alternately
602,Print Zero Even Odd,https://leetcode.com/problems/print-zero-even-odd
603,Building H2O,https://leetcode.com/problems/building-h2o
604,Maximum Average Subtree,https://leetcode.com/problems/maximum-average-subtree
605,Lowest Common Ancestor of Deepest Leaves,https://leetcode.com/problems/lowest-common-ancestor-of-deepest-leaves
606,Longest Well-Performing Interval,https://leetcode.com/problems/longest-well-performing-interval
607,Active Businesses,https://leetcode.com/problems/active-businesses
608,Shortest Path with Alternating Colors,https://leetcode.com/problems/shortest-path-with-alternating-colors
609,Minimum Cost Tree From Leaf Values,https://leetcode.com/problems/minimum-cost-tree-from-leaf-values
610,Maximum of Absolute Value Expression,https://leetcode.com/problems/maximum-of-absolute-value-expression
611,Reported Posts II,https://leetcode.com/problems/reported-posts-ii
612,Connecting Cities With Minimum Cost,https://leetcode.com/problems/connecting-cities-with-minimum-cost
613,Parallel Courses,https://leetcode.com/problems/parallel-courses
614,Alphabet Board Path,https://leetcode.com/problems/alphabet-board-path
615,Largest 1-Bordered Square,https://leetcode.com/problems/largest-1-bordered-square
616,Stone Game II,https://leetcode.com/problems/stone-game-ii
617,Longest Common Subsequence,https://leetcode.com/problems/longest-common-subsequence
618,Decrease Elements To Make Array Zigzag,https://leetcode.com/problems/decrease-elements-to-make-array-zigzag
619,Binary Tree Coloring Game,https://leetcode.com/problems/binary-tree-coloring-game
620,Snapshot Array,https://leetcode.com/problems/snapshot-array
621,Article Views II,https://leetcode.com/problems/article-views-ii
622,Minimum Swaps to Group All 1's Together,https://leetcode.com/problems/minimum-swaps-to-group-all-1s-together
623,Analyze User Website Visit Pattern,https://leetcode.com/problems/analyze-user-website-visit-pattern
624,Number of Dice Rolls With Target Sum,https://leetcode.com/problems/number-of-dice-rolls-with-target-sum
625,Swap For Longest Repeated Character Substring,https://leetcode.com/problems/swap-for-longest-repeated-character-substring
626,Market Analysis I,https://leetcode.com/problems/market-analysis-i
627,Maximum Level Sum of a Binary Tree,https://leetcode.com/problems/maximum-level-sum-of-a-binary-tree
628,As Far from Land as Possible,https://leetcode.com/problems/as-far-from-land-as-possible
629,Product Price at a Given Date,https://leetcode.com/problems/product-price-at-a-given-date
630,Design File System,https://leetcode.com/problems/design-file-system
631,Minimum Cost to Connect Sticks,https://leetcode.com/problems/minimum-cost-to-connect-sticks
632,Invalid Transactions,https://leetcode.com/problems/invalid-transactions
633,Compare Strings by Frequency of the Smallest Character,https://leetcode.com/problems/compare-strings-by-frequency-of-the-smallest-character
634,Remove Zero Sum Consecutive Nodes from Linked List,https://leetcode.com/problems/remove-zero-sum-consecutive-nodes-from-linked-list
635,Immediate Food Delivery II,https://leetcode.com/problems/immediate-food-delivery-ii
636,Can Make Palindrome from Substring,https://leetcode.com/problems/can-make-palindrome-from-substring
637,Before and After Puzzle,https://leetcode.com/problems/before-and-after-puzzle
638,Shortest Distance to Target Color,https://leetcode.com/problems/shortest-distance-to-target-color
639,Maximum Subarray Sum with One Deletion,https://leetcode.com/problems/maximum-subarray-sum-with-one-deletion
640,Design Bounded Blocking Queue,https://leetcode.com/problems/design-bounded-blocking-queue
641,Reverse Substrings Between Each Pair of Parentheses,https://leetcode.com/problems/reverse-substrings-between-each-pair-of-parentheses
642,K-Concatenation Maximum Sum,https://leetcode.com/problems/k-concatenation-maximum-sum
643,Monthly Transactions I,https://leetcode.com/problems/monthly-transactions-i
644,Fizz Buzz Multithreaded,https://leetcode.com/problems/fizz-buzz-multithreaded
645,Minimum Knight Moves,https://leetcode.com/problems/minimum-knight-moves
646,Find Smallest Common Element in All Rows,https://leetcode.com/problems/find-smallest-common-element-in-all-rows
647,Ugly Number III,https://leetcode.com/problems/ugly-number-iii
648,Smallest String With Swaps,https://leetcode.com/problems/smallest-string-with-swaps
649,Last Person to Fit in the Elevator,https://leetcode.com/problems/last-person-to-fit-in-the-elevator
650,Monthly Transactions II,https://leetcode.com/problems/monthly-transactions-ii
651,Get Equal Substrings Within Budget,https://leetcode.com/problems/get-equal-substrings-within-budget
652,Remove All Adjacent Duplicates in String II,https://leetcode.com/problems/remove-all-adjacent-duplicates-in-string-ii
653,Team Scores in Football Tournament,https://leetcode.com/problems/team-scores-in-football-tournament
654,Two Sum BSTs,https://leetcode.com/problems/two-sum-bsts
655,Stepping Numbers,https://leetcode.com/problems/stepping-numbers
656,Longest Arithmetic Subsequence of Given Difference,https://leetcode.com/problems/longest-arithmetic-subsequence-of-given-difference
657,Path with Maximum Gold,https://leetcode.com/problems/path-with-maximum-gold
658,Queens That Can Attack the King,https://leetcode.com/problems/queens-that-can-attack-the-king
659,The Dining Philosophers,https://leetcode.com/problems/the-dining-philosophers
660,Airplane Seat Assignment Probability,https://leetcode.com/problems/airplane-seat-assignment-probability
661,Meeting Scheduler,https://leetcode.com/problems/meeting-scheduler
662,Toss Strange Coins,https://leetcode.com/problems/toss-strange-coins
663,Remove Sub-Folders from the Filesystem,https://leetcode.com/problems/remove-sub-folders-from-the-filesystem
664,Replace the Substring for Balanced String,https://leetcode.com/problems/replace-the-substring-for-balanced-string
665,Web Crawler,https://leetcode.com/problems/web-crawler
666,Find Positive Integer Solution for a Given Equation,https://leetcode.com/problems/find-positive-integer-solution-for-a-given-equation
667,Circular Permutation in Binary Representation,https://leetcode.com/problems/circular-permutation-in-binary-representation
668,Maximum Length of a Concatenated String with Unique Characters,https://leetcode.com/problems/maximum-length-of-a-concatenated-string-with-unique-characters
669,Web Crawler Multithreaded,https://leetcode.com/problems/web-crawler-multithreaded
670,Design A Leaderboard,https://leetcode.com/problems/design-a-leaderboard
671,Tree Diameter,https://leetcode.com/problems/tree-diameter
672,Minimum Swaps to Make Strings Equal,https://leetcode.com/problems/minimum-swaps-to-make-strings-equal
673,Count Number of Nice Subarrays,https://leetcode.com/problems/count-number-of-nice-subarrays
674,Minimum Remove to Make Valid Parentheses,https://leetcode.com/problems/minimum-remove-to-make-valid-parentheses
675,Reconstruct a 2-Row Binary Matrix,https://leetcode.com/problems/reconstruct-a-2-row-binary-matrix
676,Number of Closed Islands,https://leetcode.com/problems/number-of-closed-islands
677,Encode Number,https://leetcode.com/problems/encode-number
678,Smallest Common Region,https://leetcode.com/problems/smallest-common-region
679,Synonymous Sentences,https://leetcode.com/problems/synonymous-sentences
680,Find Elements in a Contaminated Binary Tree,https://leetcode.com/problems/find-elements-in-a-contaminated-binary-tree
681,Greatest Sum Divisible by Three,https://leetcode.com/problems/greatest-sum-divisible-by-three
682,Page Recommendations,https://leetcode.com/problems/page-recommendations
683,Print Immutable Linked List in Reverse,https://leetcode.com/problems/print-immutable-linked-list-in-reverse
684,Count Servers that Communicate,https://leetcode.com/problems/count-servers-that-communicate
685,Search Suggestions System,https://leetcode.com/problems/search-suggestions-system
686,All People Report to the Given Manager,https://leetcode.com/problems/all-people-report-to-the-given-manager
687,Remove Interval,https://leetcode.com/problems/remove-interval
688,Delete Tree Nodes,https://leetcode.com/problems/delete-tree-nodes
689,Number of Burgers with No Waste of Ingredients,https://leetcode.com/problems/number-of-burgers-with-no-waste-of-ingredients
690,Count Square Submatrices with All Ones,https://leetcode.com/problems/count-square-submatrices-with-all-ones
691,Group the People Given the Group Size They Belong To,https://leetcode.com/problems/group-the-people-given-the-group-size-they-belong-to
692,Find the Smallest Divisor Given a Threshold,https://leetcode.com/problems/find-the-smallest-divisor-given-a-threshold
693,Find the Start and End Number of Continuous Ranges,https://leetcode.com/problems/find-the-start-and-end-number-of-continuous-ranges
694,Iterator for Combination,https://leetcode.com/problems/iterator-for-combination
695,Remove Covered Intervals,https://leetcode.com/problems/remove-covered-intervals
696,Sequential Digits,https://leetcode.com/problems/sequential-digits
697,Maximum Side Length of a Square with Sum Less than or Equal to Threshold,https://leetcode.com/problems/maximum-side-length-of-a-square-with-sum-less-than-or-equal-to-threshold
698,Divide Array in Sets of K Consecutive Numbers,https://leetcode.com/problems/divide-array-in-sets-of-k-consecutive-numbers
699,Maximum Number of Occurrences of a Substring,https://leetcode.com/problems/maximum-number-of-occurrences-of-a-substring
700,Sum of Mutated Array Closest to Target,https://leetcode.com/problems/sum-of-mutated-array-closest-to-target
701,Deepest Leaves Sum,https://leetcode.com/problems/deepest-leaves-sum
702,All Elements in Two Binary Search Trees,https://leetcode.com/problems/all-elements-in-two-binary-search-trees
703,Jump Game III,https://leetcode.com/problems/jump-game-iii
704,Running Total for Different Genders,https://leetcode.com/problems/running-total-for-different-genders
705,XOR Queries of a Subarray,https://leetcode.com/problems/xor-queries-of-a-subarray
706,Get Watched Videos by Your Friends,https://leetcode.com/problems/get-watched-videos-by-your-friends
707,Matrix Block Sum,https://leetcode.com/problems/matrix-block-sum
708,Sum of Nodes with Even-Valued Grandparent,https://leetcode.com/problems/sum-of-nodes-with-even-valued-grandparent
709,Minimum Flips to Make a OR b Equal to c,https://leetcode.com/problems/minimum-flips-to-make-a-or-b-equal-to-c
710,Number of Operations to Make Network Connected,https://leetcode.com/problems/number-of-operations-to-make-network-connected
711,Restaurant Growth,https://leetcode.com/problems/restaurant-growth
712,Print Words Vertically,https://leetcode.com/problems/print-words-vertically
713,Delete Leaves With a Given Value,https://leetcode.com/problems/delete-leaves-with-a-given-value
714,Break a Palindrome,https://leetcode.com/problems/break-a-palindrome
715,Sort the Matrix Diagonally,https://leetcode.com/problems/sort-the-matrix-diagonally
716,"Filter Restaurants by Vegan-Friendly, Price and Distance",https://leetcode.com/problems/filter-restaurants-by-vegan-friendly-price-and-distance
717,Find the City With the Smallest Number of Neighbors at a Threshold Distance,https://leetcode.com/problems/find-the-city-with-the-smallest-number-of-neighbors-at-a-threshold-distance
718,Reduce Array Size to The Half,https://leetcode.com/problems/reduce-array-size-to-the-half
719,Maximum Product of Splitted Binary Tree,https://leetcode.com/problems/maximum-product-of-splitted-binary-tree
720,Movie Rating,https://leetcode.com/problems/movie-rating
721,Number of Sub-arrays of Size K and Average Greater than or Equal to Threshold,https://leetcode.com/problems/number-of-sub-arrays-of-size-k-and-average-greater-than-or-equal-to-threshold
722,Angle Between Hands of a Clock,https://leetcode.com/problems/angle-between-hands-of-a-clock
723,Minimum Number of Steps to Make Two Strings Anagram,https://leetcode.com/problems/minimum-number-of-steps-to-make-two-strings-anagram
724,Tweet Counts Per Frequency,https://leetcode.com/problems/tweet-counts-per-frequency
725,Product of the Last K Numbers,https://leetcode.com/problems/product-of-the-last-k-numbers
726,Maximum Number of Events That Can Be Attended,https://leetcode.com/problems/maximum-number-of-events-that-can-be-attended
727,Activity Participants,https://leetcode.com/problems/activity-participants
728,Apply Discount Every n Orders,https://leetcode.com/problems/apply-discount-every-n-orders
729,Number of Substrings Containing All Three Characters,https://leetcode.com/problems/number-of-substrings-containing-all-three-characters
730,Validate Binary Tree Nodes,https://leetcode.com/problems/validate-binary-tree-nodes
731,Closest Divisors,https://leetcode.com/problems/closest-divisors
732,Number of Trusted Contacts of a Customer,https://leetcode.com/problems/number-of-trusted-contacts-of-a-customer
733,Rank Teams by Votes,https://leetcode.com/problems/rank-teams-by-votes
734,Linked List in Binary Tree,https://leetcode.com/problems/linked-list-in-binary-tree
735,Find the Longest Substring Containing Vowels in Even Counts,https://leetcode.com/problems/find-the-longest-substring-containing-vowels-in-even-counts
736,Longest ZigZag Path in a Binary Tree,https://leetcode.com/problems/longest-zigzag-path-in-a-binary-tree
737,Bulb Switcher III,https://leetcode.com/problems/bulb-switcher-iii
738,Time Needed to Inform All Employees,https://leetcode.com/problems/time-needed-to-inform-all-employees
739,Find a Corresponding Node of a Binary Tree in a Clone of That Tree,https://leetcode.com/problems/find-a-corresponding-node-of-a-binary-tree-in-a-clone-of-that-tree
740,Design a Stack With Increment Operation,https://leetcode.com/problems/design-a-stack-with-increment-operation
741,Balance a Binary Search Tree,https://leetcode.com/problems/balance-a-binary-search-tree
742,Cinema Seat Allocation,https://leetcode.com/problems/cinema-seat-allocation
743,Sort Integers by The Power Value,https://leetcode.com/problems/sort-integers-by-the-power-value
744,Four Divisors,https://leetcode.com/problems/four-divisors
745,Check if There is a Valid Path in a Grid,https://leetcode.com/problems/check-if-there-is-a-valid-path-in-a-grid
746,Capital Gain/Loss,https://leetcode.com/problems/capital-gainloss
747,Count Number of Teams,https://leetcode.com/problems/count-number-of-teams
748,Design Underground System,https://leetcode.com/problems/design-underground-system
749,Customers Who Bought Products A and B but Not C,https://leetcode.com/problems/customers-who-bought-products-a-and-b-but-not-c
750,Construct K Palindrome Strings,https://leetcode.com/problems/construct-k-palindrome-strings
751,Circle and Rectangle Overlapping,https://leetcode.com/problems/circle-and-rectangle-overlapping
752,Number of Steps to Reduce a Number in Binary Representation to One,https://leetcode.com/problems/number-of-steps-to-reduce-a-number-in-binary-representation-to-one
753,Longest Happy String,https://leetcode.com/problems/longest-happy-string
754,Queries on a Permutation With Key,https://leetcode.com/problems/queries-on-a-permutation-with-key
755,HTML Entity Parser,https://leetcode.com/problems/html-entity-parser
756,Find the Minimum Number of Fibonacci Numbers Whose Sum Is K,https://leetcode.com/problems/find-the-minimum-number-of-fibonacci-numbers-whose-sum-is-k
757,The k-th Lexicographical String of All Happy Strings of Length n,https://leetcode.com/problems/the-k-th-lexicographical-string-of-all-happy-strings-of-length-n
758,Display Table of Food Orders in a Restaurant,https://leetcode.com/problems/display-table-of-food-orders-in-a-restaurant
759,Minimum Number of Frogs Croaking,https://leetcode.com/problems/minimum-number-of-frogs-croaking
760,NPV Queries,https://leetcode.com/problems/npv-queries
761,Maximum Points You Can Obtain from Cards,https://leetcode.com/problems/maximum-points-you-can-obtain-from-cards
762,Diagonal Traverse II,https://leetcode.com/problems/diagonal-traverse-ii
763,Leftmost Column with at Least a One,https://leetcode.com/problems/leftmost-column-with-at-least-a-one
764,First Unique Number,https://leetcode.com/problems/first-unique-number
765,Check If a String Is a Valid Sequence from Root to Leaves Path in a Binary Tree,https://leetcode.com/problems/check-if-a-string-is-a-valid-sequence-from-root-to-leaves-path-in-a-binary-tree
766,Max Difference You Can Get From Changing an Integer,https://leetcode.com/problems/max-difference-you-can-get-from-changing-an-integer
767,Check If a String Can Break Another String,https://leetcode.com/problems/check-if-a-string-can-break-another-string
768,Longest Continuous Subarray With Absolute Diff Less Than or Equal to Limit,https://leetcode.com/problems/longest-continuous-subarray-with-absolute-diff-less-than-or-equal-to-limit
769,Evaluate Boolean Expression,https://leetcode.com/problems/evaluate-boolean-expression
770,Count Triplets That Can Form Two Arrays of Equal XOR,https://leetcode.com/problems/count-triplets-that-can-form-two-arrays-of-equal-xor
771,Minimum Time to Collect All Apples in a Tree,https://leetcode.com/problems/minimum-time-to-collect-all-apples-in-a-tree
772,Apples & Oranges,https://leetcode.com/problems/apples-oranges
773,Simplified Fractions,https://leetcode.com/problems/simplified-fractions
774,Count Good Nodes in Binary Tree,https://leetcode.com/problems/count-good-nodes-in-binary-tree
775,Rearrange Words in a Sentence,https://leetcode.com/problems/rearrange-words-in-a-sentence
776,People Whose List of Favorite Companies Is Not a Subset of Another List,https://leetcode.com/problems/people-whose-list-of-favorite-companies-is-not-a-subset-of-another-list
777,Active Users,https://leetcode.com/problems/active-users
778,Maximum Number of Vowels in a Substring of Given Length,https://leetcode.com/problems/maximum-number-of-vowels-in-a-substring-of-given-length
779,Pseudo-Palindromic Paths in a Binary Tree,https://leetcode.com/problems/pseudo-palindromic-paths-in-a-binary-tree
780,Rectangles Area,https://leetcode.com/problems/rectangles-area
781,Check If a String Contains All Binary Codes of Size K,https://leetcode.com/problems/check-if-a-string-contains-all-binary-codes-of-size-k
782,Course Schedule IV,https://leetcode.com/problems/course-schedule-iv
783,Maximum Area of a Piece of Cake After Horizontal and Vertical Cuts,https://leetcode.com/problems/maximum-area-of-a-piece-of-cake-after-horizontal-and-vertical-cuts
784,Reorder Routes to Make All Paths Lead to the City Zero,https://leetcode.com/problems/reorder-routes-to-make-all-paths-lead-to-the-city-zero
785,Calculate Salaries,https://leetcode.com/problems/calculate-salaries
786,The k Strongest Values in an Array,https://leetcode.com/problems/the-k-strongest-values-in-an-array
787,Design Browser History,https://leetcode.com/problems/design-browser-history
788,Subrectangle Queries,https://leetcode.com/problems/subrectangle-queries
789,Find Two Non-overlapping Sub-arrays Each With Target Sum,https://leetcode.com/problems/find-two-non-overlapping-sub-arrays-each-with-target-sum
790,Least Number of Unique Integers after K Removals,https://leetcode.com/problems/least-number-of-unique-integers-after-k-removals
791,Minimum Number of Days to Make m Bouquets,https://leetcode.com/problems/minimum-number-of-days-to-make-m-bouquets
792,Clone Binary Tree With Random Pointer,https://leetcode.com/problems/clone-binary-tree-with-random-pointer
793,Making File Names Unique,https://leetcode.com/problems/making-file-names-unique
794,Avoid Flood in The City,https://leetcode.com/problems/avoid-flood-in-the-city
795,Clone N-ary Tree,https://leetcode.com/problems/clone-n-ary-tree
796,The kth Factor of n,https://leetcode.com/problems/the-kth-factor-of-n
797,Longest Subarray of 1's After Deleting One Element,https://leetcode.com/problems/longest-subarray-of-1s-after-deleting-one-element
798,Check If Array Pairs Are Divisible by k,https://leetcode.com/problems/check-if-array-pairs-are-divisible-by-k
799,Number of Subsequences That Satisfy the Given Sum Condition,https://leetcode.com/problems/number-of-subsequences-that-satisfy-the-given-sum-condition
800,Design a File Sharing System,https://leetcode.com/problems/design-a-file-sharing-system
801,Countries You Can Safely Invest In,https://leetcode.com/problems/countries-you-can-safely-invest-in
802,Last Moment Before All Ants Fall Out of a Plank,https://leetcode.com/problems/last-moment-before-all-ants-fall-out-of-a-plank
803,Count Submatrices With All Ones,https://leetcode.com/problems/count-submatrices-with-all-ones
804,Find Root of N-Ary Tree,https://leetcode.com/problems/find-root-of-n-ary-tree
805,Range Sum of Sorted Subarray Sums,https://leetcode.com/problems/range-sum-of-sorted-subarray-sums
806,Minimum Difference Between Largest and Smallest Value in Three Moves,https://leetcode.com/problems/minimum-difference-between-largest-and-smallest-value-in-three-moves
807,Number of Substrings With Only 1s,https://leetcode.com/problems/number-of-substrings-with-only-1s
808,Path with Maximum Probability,https://leetcode.com/problems/path-with-maximum-probability
809,Number of Nodes in the Sub-Tree With the Same Label,https://leetcode.com/problems/number-of-nodes-in-the-sub-tree-with-the-same-label
810,Diameter of N-Ary Tree,https://leetcode.com/problems/diameter-of-n-ary-tree
811,Number of Sub-arrays With Odd Sum,https://leetcode.com/problems/number-of-sub-arrays-with-odd-sum
812,Number of Good Ways to Split a String,https://leetcode.com/problems/number-of-good-ways-to-split-a-string
813,Bulb Switcher IV,https://leetcode.com/problems/bulb-switcher-iv
814,Number of Good Leaf Nodes Pairs,https://leetcode.com/problems/number-of-good-leaf-nodes-pairs
815,The Most Recent Three Orders,https://leetcode.com/problems/the-most-recent-three-orders
816,Find the Index of the Large Integer,https://leetcode.com/problems/find-the-index-of-the-large-integer
817,Find the Winner of an Array Game,https://leetcode.com/problems/find-the-winner-of-an-array-game
818,Minimum Swaps to Arrange a Binary Grid,https://leetcode.com/problems/minimum-swaps-to-arrange-a-binary-grid
819,Guess the Majority in a Hidden Array,https://leetcode.com/problems/guess-the-majority-in-a-hidden-array
820,Can Convert String in K Moves,https://leetcode.com/problems/can-convert-string-in-k-moves
821,Minimum Insertions to Balance a Parentheses String,https://leetcode.com/problems/minimum-insertions-to-balance-a-parentheses-string
822,Find Kth Bit in Nth Binary String,https://leetcode.com/problems/find-kth-bit-in-nth-binary-string
823,Maximum Number of Non-Overlapping Subarrays With Sum Equals Target,https://leetcode.com/problems/maximum-number-of-non-overlapping-subarrays-with-sum-equals-target
824,The Most Recent Orders for Each Product,https://leetcode.com/problems/the-most-recent-orders-for-each-product
825,Minimum Operations to Make Array Equal,https://leetcode.com/problems/minimum-operations-to-make-array-equal
826,Magnetic Force Between Two Balls,https://leetcode.com/problems/magnetic-force-between-two-balls
827,Strings Differ by One Character,https://leetcode.com/problems/strings-differ-by-one-character
828,Bank Account Summary,https://leetcode.com/problems/bank-account-summary
829,Minimum Number of Vertices to Reach All Nodes,https://leetcode.com/problems/minimum-number-of-vertices-to-reach-all-nodes
830,Minimum Numbers of Function Calls to Make Target Array,https://leetcode.com/problems/minimum-numbers-of-function-calls-to-make-target-array
831,Maximum Number of Coins You Can Get,https://leetcode.com/problems/maximum-number-of-coins-you-can-get
832,Find Latest Group of Size M,https://leetcode.com/problems/find-latest-group-of-size-m
833,Put Boxes Into the Warehouse I,https://leetcode.com/problems/put-boxes-into-the-warehouse-i
834,Maximum Length of Subarray With Positive Product,https://leetcode.com/problems/maximum-length-of-subarray-with-positive-product
835,Dot Product of Two Sparse Vectors,https://leetcode.com/problems/dot-product-of-two-sparse-vectors
836,Number of Ways to Split a String,https://leetcode.com/problems/number-of-ways-to-split-a-string
837,Shortest Subarray to be Removed to Make Array Sorted,https://leetcode.com/problems/shortest-subarray-to-be-removed-to-make-array-sorted
838,Number of Ways Where Square of Number Is Equal to Product of Two Numbers,https://leetcode.com/problems/number-of-ways-where-square-of-number-is-equal-to-product-of-two-numbers
839,Minimum Deletion Cost to Avoid Repeating Letters,https://leetcode.com/problems/minimum-deletion-cost-to-avoid-repeating-letters
840,Put Boxes Into the Warehouse II,https://leetcode.com/problems/put-boxes-into-the-warehouse-ii
841,Count Unhappy Friends,https://leetcode.com/problems/count-unhappy-friends
842,Min Cost to Connect All Points,https://leetcode.com/problems/min-cost-to-connect-all-points
843,Binary Search Tree Iterator II,https://leetcode.com/problems/binary-search-tree-iterator-ii
844,Maximum Sum Obtained of Any Permutation,https://leetcode.com/problems/maximum-sum-obtained-of-any-permutation
845,Make Sum Divisible by P,https://leetcode.com/problems/make-sum-divisible-by-p
846,Split a String Into the Max Number of Unique Substrings,https://leetcode.com/problems/split-a-string-into-the-max-number-of-unique-substrings
847,Maximum Non Negative Product in a Matrix,https://leetcode.com/problems/maximum-non-negative-product-in-a-matrix
848,The Most Frequently Ordered Products for Each Customer,https://leetcode.com/problems/the-most-frequently-ordered-products-for-each-customer
849,Maximum Profit of Operating a Centennial Wheel,https://leetcode.com/problems/maximum-profit-of-operating-a-centennial-wheel
850,Throne Inheritance,https://leetcode.com/problems/throne-inheritance
851,Find Nearest Right Node in Binary Tree,https://leetcode.com/problems/find-nearest-right-node-in-binary-tree
852,Alert Using Same Key-Card Three or More Times in a One Hour Period,https://leetcode.com/problems/alert-using-same-key-card-three-or-more-times-in-a-one-hour-period
853,Find Valid Matrix Given Row and Column Sums,https://leetcode.com/problems/find-valid-matrix-given-row-and-column-sums
854,Even Odd Tree,https://leetcode.com/problems/even-odd-tree
855,Check If Two Expression Trees are Equivalent,https://leetcode.com/problems/check-if-two-expression-trees-are-equivalent
856,Find the Missing IDs,https://leetcode.com/problems/find-the-missing-ids
857,Maximal Network Rank,https://leetcode.com/problems/maximal-network-rank
858,Split Two Strings to Make Palindrome,https://leetcode.com/problems/split-two-strings-to-make-palindrome
859,Maximum Font to Fit a Sentence in a Screen,https://leetcode.com/problems/maximum-font-to-fit-a-sentence-in-a-screen
860,Coordinate With Maximum Network Quality,https://leetcode.com/problems/coordinate-with-maximum-network-quality
861,Number of Sets of K Non-Overlapping Line Segments,https://leetcode.com/problems/number-of-sets-of-k-non-overlapping-line-segments
862,Lexicographically Smallest String After Applying Operations,https://leetcode.com/problems/lexicographically-smallest-string-after-applying-operations
863,Best Team With No Conflicts,https://leetcode.com/problems/best-team-with-no-conflicts
864,Design an Expression Tree With Evaluate Function,https://leetcode.com/problems/design-an-expression-tree-with-evaluate-function
865,Arithmetic Subarrays,https://leetcode.com/problems/arithmetic-subarrays
866,Path With Minimum Effort,https://leetcode.com/problems/path-with-minimum-effort
867,Add Two Polynomials Represented as Linked Lists,https://leetcode.com/problems/add-two-polynomials-represented-as-linked-lists
868,Widest Vertical Area Between Two Points Containing No Points,https://leetcode.com/problems/widest-vertical-area-between-two-points-containing-no-points
869,Count Substrings That Differ by One Character,https://leetcode.com/problems/count-substrings-that-differ-by-one-character
870,Count Sorted Vowel Strings,https://leetcode.com/problems/count-sorted-vowel-strings
871,Furthest Building You Can Reach,https://leetcode.com/problems/furthest-building-you-can-reach
872,Lowest Common Ancestor of a Binary Tree II,https://leetcode.com/problems/lowest-common-ancestor-of-a-binary-tree-ii
873,Minimum Deletions to Make Character Frequencies Unique,https://leetcode.com/problems/minimum-deletions-to-make-character-frequencies-unique
874,Sell Diminishing-Valued Colored Balls,https://leetcode.com/problems/sell-diminishing-valued-colored-balls
875,Lowest Common Ancestor of a Binary Tree III,https://leetcode.com/problems/lowest-common-ancestor-of-a-binary-tree-iii
876,Minimum Deletions to Make String Balanced,https://leetcode.com/problems/minimum-deletions-to-make-string-balanced
877,Minimum Jumps to Reach Home,https://leetcode.com/problems/minimum-jumps-to-reach-home
878,Determine if Two Strings Are Close,https://leetcode.com/problems/determine-if-two-strings-are-close
879,Minimum Operations to Reduce X to Zero,https://leetcode.com/problems/minimum-operations-to-reduce-x-to-zero
880,Correct a Binary Tree,https://leetcode.com/problems/correct-a-binary-tree
881,Smallest String With A Given Numeric Value,https://leetcode.com/problems/smallest-string-with-a-given-numeric-value
882,Ways to Make a Fair Array,https://leetcode.com/problems/ways-to-make-a-fair-array
883,Change the Root of a Binary Tree,https://leetcode.com/problems/change-the-root-of-a-binary-tree
884,Merge In Between Linked Lists,https://leetcode.com/problems/merge-in-between-linked-lists
885,Design Front Middle Back Queue,https://leetcode.com/problems/design-front-middle-back-queue
886,Find the Most Competitive Subsequence,https://leetcode.com/problems/find-the-most-competitive-subsequence
887,Minimum Moves to Make Array Complementary,https://leetcode.com/problems/minimum-moves-to-make-array-complementary
888,Lowest Common Ancestor of a Binary Tree IV,https://leetcode.com/problems/lowest-common-ancestor-of-a-binary-tree-iv
889,Max Number of K-Sum Pairs,https://leetcode.com/problems/max-number-of-k-sum-pairs
890,Concatenation of Consecutive Binary Numbers,https://leetcode.com/problems/concatenation-of-consecutive-binary-numbers
891,Longest Palindromic Subsequence II,https://leetcode.com/problems/longest-palindromic-subsequence-ii
892,Sum of Absolute Differences in a Sorted Array,https://leetcode.com/problems/sum-of-absolute-differences-in-a-sorted-array
893,Stone Game VI,https://leetcode.com/problems/stone-game-vi
894,Partitioning Into Minimum Number Of Deci-Binary Numbers,https://leetcode.com/problems/partitioning-into-minimum-number-of-deci-binary-numbers
895,Stone Game VII,https://leetcode.com/problems/stone-game-vii
896,Maximum Erasure Value,https://leetcode.com/problems/maximum-erasure-value
897,Jump Game VI,https://leetcode.com/problems/jump-game-vi
898,Number of Distinct Substrings in a String,https://leetcode.com/problems/number-of-distinct-substrings-in-a-string
899,Number of Calls Between Two Persons,https://leetcode.com/problems/number-of-calls-between-two-persons
900,Average Waiting Time,https://leetcode.com/problems/average-waiting-time
901,Maximum Binary String After Change,https://leetcode.com/problems/maximum-binary-string-after-change
902,Maximum Number of Eaten Apples,https://leetcode.com/problems/maximum-number-of-eaten-apples
903,Where Will the Ball Fall,https://leetcode.com/problems/where-will-the-ball-fall
904,Biggest Window Between Visits,https://leetcode.com/problems/biggest-window-between-visits
905,Count Good Meals,https://leetcode.com/problems/count-good-meals
906,Ways to Split Array Into Three Subarrays,https://leetcode.com/problems/ways-to-split-array-into-three-subarrays
907,Count Apples and Oranges,https://leetcode.com/problems/count-apples-and-oranges
908,Maximum Score From Removing Substrings,https://leetcode.com/problems/maximum-score-from-removing-substrings
909,Construct the Lexicographically Largest Valid Sequence,https://leetcode.com/problems/construct-the-lexicographically-largest-valid-sequence
910,Swapping Nodes in a Linked List,https://leetcode.com/problems/swapping-nodes-in-a-linked-list
911,Minimize Hamming Distance After Swap Operations,https://leetcode.com/problems/minimize-hamming-distance-after-swap-operations
912,Tuple with Same Product,https://leetcode.com/problems/tuple-with-same-product
913,Largest Submatrix With Rearrangements,https://leetcode.com/problems/largest-submatrix-with-rearrangements
914,Shortest Path to Get Food,https://leetcode.com/problems/shortest-path-to-get-food
915,Minimum Number of People to Teach,https://leetcode.com/problems/minimum-number-of-people-to-teach
916,Decode XORed Permutation,https://leetcode.com/problems/decode-xored-permutation
917,Change Minimum Characters to Satisfy One of Three Conditions,https://leetcode.com/problems/change-minimum-characters-to-satisfy-one-of-three-conditions
918,Find Kth Largest XOR Coordinate Value,https://leetcode.com/problems/find-kth-largest-xor-coordinate-value
919,Find Distance in a Binary Tree,https://leetcode.com/problems/find-distance-in-a-binary-tree
920,Restore the Array From Adjacent Pairs,https://leetcode.com/problems/restore-the-array-from-adjacent-pairs
921,Can You Eat Your Favorite Candy on Your Favorite Day?,https://leetcode.com/problems/can-you-eat-your-favorite-candy-on-your-favorite-day
922,Maximum Subarray Sum After One Operation,https://leetcode.com/problems/maximum-subarray-sum-after-one-operation
923,Leetflex Banned Accounts,https://leetcode.com/problems/leetflex-banned-accounts
924,Maximum Absolute Sum of Any Subarray,https://leetcode.com/problems/maximum-absolute-sum-of-any-subarray
925,Minimum Length of String After Deleting Similar Ends,https://leetcode.com/problems/minimum-length-of-string-after-deleting-similar-ends
926,Maximum Score From Removing Stones,https://leetcode.com/problems/maximum-score-from-removing-stones
927,Largest Merge Of Two Strings,https://leetcode.com/problems/largest-merge-of-two-strings
928,Design Most Recently Used Queue,https://leetcode.com/problems/design-most-recently-used-queue
929,Count Number of Homogenous Substrings,https://leetcode.com/problems/count-number-of-homogenous-substrings
930,Minimum Limit of Balls in a Bag,https://leetcode.com/problems/minimum-limit-of-balls-in-a-bag
931,Buildings With an Ocean View,https://leetcode.com/problems/buildings-with-an-ocean-view
932,Form Array by Concatenating Subarrays of Another Array,https://leetcode.com/problems/form-array-by-concatenating-subarrays-of-another-array
933,Map of Highest Peak,https://leetcode.com/problems/map-of-highest-peak
934,Minimum Number of Operations to Move All Balls to Each Box,https://leetcode.com/problems/minimum-number-of-operations-to-move-all-balls-to-each-box
935,Maximum Score from Performing Multiplication Operations,https://leetcode.com/problems/maximum-score-from-performing-multiplication-operations
936,Sort Features by Popularity,https://leetcode.com/problems/sort-features-by-popularity
937,Closest Dessert Cost,https://leetcode.com/problems/closest-dessert-cost
938,Equal Sum Arrays With Minimum Number of Operations,https://leetcode.com/problems/equal-sum-arrays-with-minimum-number-of-operations
939,Shortest Path in a Hidden Grid,https://leetcode.com/problems/shortest-path-in-a-hidden-grid
940,Check if Number is a Sum of Powers of Three,https://leetcode.com/problems/check-if-number-is-a-sum-of-powers-of-three
941,Sum of Beauty of All Substrings,https://leetcode.com/problems/sum-of-beauty-of-all-substrings
942,Grand Slam Titles,https://leetcode.com/problems/grand-slam-titles
943,Minimum Elements to Add to Form a Given Sum,https://leetcode.com/problems/minimum-elements-to-add-to-form-a-given-sum
944,Number of Restricted Paths From First to Last Node,https://leetcode.com/problems/number-of-restricted-paths-from-first-to-last-node
945,Find Center of Star Graph,https://leetcode.com/problems/find-center-of-star-graph
946,Maximum Average Pass Ratio,https://leetcode.com/problems/maximum-average-pass-ratio
947,Count Pairs of Equal Substrings With Minimum Difference,https://leetcode.com/problems/count-pairs-of-equal-substrings-with-minimum-difference
948,Design Authentication Manager,https://leetcode.com/problems/design-authentication-manager
949,Maximum Number of Consecutive Values You Can Make,https://leetcode.com/problems/maximum-number-of-consecutive-values-you-can-make
950,Number of Orders in the Backlog,https://leetcode.com/problems/number-of-orders-in-the-backlog
951,Maximum Value at a Given Index in a Bounded Array,https://leetcode.com/problems/maximum-value-at-a-given-index-in-a-bounded-array
952,Implement Trie II (Prefix Tree),https://leetcode.com/problems/implement-trie-ii-prefix-tree
953,Minimum Number of Operations to Reinitialize a Permutation,https://leetcode.com/problems/minimum-number-of-operations-to-reinitialize-a-permutation
954,Evaluate the Bracket Pairs of a String,https://leetcode.com/problems/evaluate-the-bracket-pairs-of-a-string
955,Minimum Path Cost in a Hidden Grid,https://leetcode.com/problems/minimum-path-cost-in-a-hidden-grid
956,Find Interview Candidates,https://leetcode.com/problems/find-interview-candidates
957,Sentence Similarity III,https://leetcode.com/problems/sentence-similarity-iii
958,Count Nice Pairs in an Array,https://leetcode.com/problems/count-nice-pairs-in-an-array
959,Finding the Users Active Minutes,https://leetcode.com/problems/finding-the-users-active-minutes
960,Minimum Absolute Sum Difference,https://leetcode.com/problems/minimum-absolute-sum-difference
961,Maximum Number of Accepted Invitations,https://leetcode.com/problems/maximum-number-of-accepted-invitations
962,Find the Winner of the Circular Game,https://leetcode.com/problems/find-the-winner-of-the-circular-game
963,Minimum Sideway Jumps,https://leetcode.com/problems/minimum-sideway-jumps
